"","site_type","pred","se","ci_l","ci_h","site_type.1","pred.1","se.1","ci_l.1","ci_h.1","site_type.2","pred.2","se.2","ci_l.2","ci_h.2","site_type.3","pred.3","se.3","ci_l.3","ci_h.3","site_type.4","pred.4","se.4","ci_l.4","ci_h.4"
"1","upland",2.59692360733931,0.476601703781582,1.66278426792741,3.53106294675121,"upland",1.89224388873678,0.359505140292513,1.18761381376345,2.5968739637101,"upland",2.20116356276837,0.250550337823823,1.71008490063368,2.69224222490307,"upland",3.17649255643247,1.35686388348565,0.517039344800588,5.83594576806434,"upland",2.63805010379415,0.903924302105641,0.866358471667097,4.40974173592121
"2","wetland",4.34343645437386,0.382219634419295,3.59428597091204,5.09258693783568,"wetland",3.20768941650695,0.30801937936574,2.6039714329501,3.8114074000638,"wetland",3.16108231771487,0.166406109259533,2.83492634356619,3.48723829186356,"wetland",7.01455355721281,0.795729468069568,5.45492379979645,8.57418331462916,"wetland",5.35785191407396,0.721064578954498,3.94456533932315,6.77113848882478
