"","site_type","pred","se","ci_l","ci_h","site_type.1","pred.1","se.1","ci_l.1","ci_h.1","site_type.2","pred.2","se.2","ci_l.2","ci_h.2","site_type.3","pred.3","se.3","ci_l.3","ci_h.3","site_type.4","pred.4","se.4","ci_l.4","ci_h.4"
"1","upland",2.55227604358809,0.406928981311771,1.75469524021702,3.34985684695916,"upland",1.85237193493139,0.285874903057189,1.2920571249393,2.41268674492348,"upland",2.1749804226445,0.209451930196235,1.76445463945988,2.58550620582912,"upland",0.693225440989754,0.0503292881896964,0.594580036137949,0.791870845841559,"upland",2.50656812062782,0.673400493338362,1.18670315368463,3.82643308757101
"2","wetland",4.39214598396559,0.294409037351404,3.81510427075684,4.96918769717434,"wetland",3.22758063923188,0.224713731882568,2.78714172474205,3.66801955372172,"wetland",3.13131772440179,0.118496754781604,2.89906408502985,3.36357136377374,"wetland",0.851471265367236,0.0312837618120097,0.790155092215697,0.912787438518775,"wetland",5.28439079262622,0.481962182153949,4.33974491560448,6.22903666964796
