"","site_type","pred","se","ci_l","ci_h","site_type.1","pred.1","se.1","ci_l.1","ci_h.1","site_type.2","pred.2","se.2","ci_l.2","ci_h.2","site_type.3","pred.3","se.3","ci_l.3","ci_h.3","site_type.4","pred.4","se.4","ci_l.4","ci_h.4"
"1","upland",2.5522760433106,0.406928980655519,1.75469524122578,3.34985684539541,"upland",1.85237193516366,0.285874903435467,1.29205712443014,2.41268674589717,"upland",2.17498042280505,0.209451930087486,1.76445463983358,2.58550620577652,"upland",2.17982459953249,1.07091680994315,0.080827652043912,4.27882154702107,"upland",2.50656602197808,0.673399204964395,1.18670358024787,3.82642846370829
"2","wetland",4.39214598370395,0.294409036440249,3.81510427228107,4.96918769512684,"wetland",3.22758063939576,0.224713732339104,2.78714172401112,3.66801955478041,"wetland",3.13131772442181,0.118496754518514,2.89906408556553,3.3635713632781,"wetland",6.70054278703435,0.570289244205276,5.58277586839201,7.81830970567669,"wetland",5.28438870347808,0.481958546537633,4.33974995226432,6.22902745469184
